"Class","File"
"ActiveMemberStatDto","E:\SeniorProject\Meow.Shared\Dtos\Analytics\ActiveMemberStatDto.cs"
"AdminWeeklySummaryDto","E:\SeniorProject\Meow.Shared\Dtos\Analytics\AdminWeeklySummaryDto.cs"
"AvatarDto","E:\SeniorProject\Meow.Shared\Dtos\Accounts\AvatarDto.cs"
"ChangePasswordDto","E:\SeniorProject\Meow.Shared\Dtos\Accounts\ChangePasswordDto.cs"
"DailyMinutesPointDto","E:\SeniorProject\Meow.Shared\Dtos\Analytics\DailyMinutesPointDto.cs"
"MemberCreateDto","E:\SeniorProject\Meow.Shared\Dtos\Accounts\MemberCreateDto.cs"
"MemberDto","E:\SeniorProject\Meow.Shared\Dtos\Accounts\MemberDto.cs"
"MemberListItemDto","E:\SeniorProject\Meow.Shared\Dtos\Accounts\MemberListItemDto.cs"
"MemberLoginDto","E:\SeniorProject\Meow.Shared\Dtos\Accounts\MemberLoginDto.cs"
"MemberProfileDto","E:\SeniorProject\Meow.Shared\Dtos\Accounts\MemberProfileDto.cs"
"MemberProfileUpdateDto","E:\SeniorProject\Meow.Shared\Dtos\Accounts\MemberProfileUpdateDto.cs"
"MemberStatsDto","E:\SeniorProject\Meow.Shared\Dtos\Analytics\MemberStatsDto.cs"
"MemberUpdateNicknameDto","E:\SeniorProject\Meow.Shared\Dtos\Accounts\MemberUpdateNicknameDto.cs"
"MemberWeeklySummaryDto","E:\SeniorProject\Meow.Shared\Dtos\Analytics\MemberWeeklySummaryDto.cs"
"PagedResultDto","E:\SeniorProject\Meow.Shared\Dtos\Common\PagedResultDto.cs"
"PagingQuery","E:\SeniorProject\Meow.Shared\Dtos\Common\PagingQuery.cs"
"PopularTrainingSetDto","E:\SeniorProject\Meow.Shared\Dtos\Analytics\PopularTrainingSetDto.cs"
"TagDto","E:\SeniorProject\Meow.Shared\Dtos\Tags\TagDto.cs"
"TagQueryDto","E:\SeniorProject\Meow.Shared\Dtos\Tags\TagQueryDto.cs"
"TrainingSessionCompleteDto","E:\SeniorProject\Meow.Shared\Dtos\TrainingSessions\TrainingSessionCompleteDto.cs"
"TrainingSessionCreateDto","E:\SeniorProject\Meow.Shared\Dtos\TrainingSessions\TrainingSessionCreateDto.cs"
"TrainingSessionDetailDto","E:\SeniorProject\Meow.Shared\Dtos\TrainingSessions\TrainingSessionDetailDto.cs"
"TrainingSessionItemDto","E:\SeniorProject\Meow.Shared\Dtos\TrainingSessions\TrainingSessionItemDto.cs"
"TrainingSessionItemUpdateDto","E:\SeniorProject\Meow.Shared\Dtos\TrainingSessions\TrainingSessionItemUpdateDto.cs"
"TrainingSessionQueryDto","E:\SeniorProject\Meow.Shared\Dtos\TrainingSessions\TrainingSessionQueryDto.cs"
"TrainingSetDetailDto","E:\SeniorProject\Meow.Shared\Dtos\TrainingSets\TrainingSetDetailDto.cs"
"TrainingSetItemUpdateDto","E:\SeniorProject\Meow.Shared\Dtos\TrainingSets\TrainingSetItemUpdateDto.cs"
"TrainingSetQueryDto","E:\SeniorProject\Meow.Shared\Dtos\TrainingSets\TrainingSetQueryDto.cs"
"TrainingSetUpdateDto","E:\SeniorProject\Meow.Shared\Dtos\TrainingSets\TrainingSetUpdateDto.cs"
"TrainingVideoDetailDto","E:\SeniorProject\Meow.Shared\Dtos\Videos\TrainingVideoDetailDto.cs"
"TrainingVideoListItemDto","E:\SeniorProject\Meow.Shared\Dtos\Videos\TrainingVideoListItemDto.cs"
"TrainingVideoQueryDto","E:\SeniorProject\Meow.Shared\Dtos\Videos\TrainingVideoQueryDto.cs"
"TrainingVideoUpdateDto","E:\SeniorProject\Meow.Shared\Dtos\Videos\TrainingVideoUpdateDto.cs"
